{
  "project_info": {
    "project_number": "88981834839",
    "project_id": "chatapplication-24d41",
    "storage_bucket": "chatapplication-24d41.appspot.com"
  },
  "client": [
    {
      "client_info": {
        "mobilesdk_app_id": "1:88981834839:android:a345f2abe04a01842e6712",
        "android_client_info": {
          "package_name": "com.example.chatapplication"
        }
      },
      "oauth_client": [],
      "api_key": [
        {
          "current_key": "AIzaSyDUi8bbXTQZAgoGeUXWqxYqleYbmBbjq0o"
        }
      ],
      "services": {
        "appinvite_service": {
          "other_platform_oauth_client": []
        }
      }
    }
  ],
  "configuration_version": "1"
}